plan_file,date,description
"2026-03-31-gravitas-culturalis","Mar 31 11:05","User brainstormed a theory of emergent cultural artifacts: when a cultural phenomenon achieves sufficient mass, it generates a gravitational field where orbiting artifacts (fan labor, memes, recaps, r"
"abstract-swinging-dongarra","Mar 30 15:58","The SEED.md in `post-flood/` was created during this session as a context-free generative grammar for computational organisms. It went through 3 revisions: V1 (rules), V2 (axiom→theorem), V3 (generati"
"adaptive-leaping-feigenbaum","Mar 30 20:49","Four AI coding agents available: Claude Code, Gemini CLI, OpenAI Codex, OpenCode. Each has different strengths, limitations, and context access. Currently Claude does everything — creating a bottlenec"
"buzzing-puzzling-dove","Apr 1 13:32","**Date:** 2026-04-01 **Session:** S51 **Scope:** New SOP + orchestration event recording "
"buzzing-stirring-cherny-agent-a38e3e36986ee2de7","Mar 30 22:16","**Date:** 2026-03-30 **Spec:** `docs/superpowers/specs/2026-03-30-fieldwork-intelligence-system-design.md` (v4.0 APPROVED) **Scope:** Batch 1 MVP — `record()`, FieldObservation model, `fieldwork.yaml`"
"buzzing-stirring-cherny","Mar 30 22:17","The session close report from 2026-03-30 identified 6 vacuums. This session tackles the 3 **in-realm** items (Python / contrib_engine): 1. **P0: seed.yaml stale** — missing fieldwork/absorption module"
"compiled-swinging-kahn","Mar 31 01:41","The project CLAUDE.md at `application-pipeline/CLAUDE.md` is 43,749 chars — 3,749 over the 40k performance threshold. Claude Code loads this file into every conversation's context window, so oversized"
"compressed-spinning-quokka","Apr 2 14:17","**Date:** 2026-04-02 **Context:** Handoff review surfaced 5 pressure points beyond the 3 declared. Pipeline health 7.2/10 but precision mode violated 5.7x (57/10 cap). Creative Capital closes today. G"
"cosmic-imagining-hamming","Mar 31 09:57","**Date:** 2026-03-31 **Scope:** Full session-close verification — git state, persistence, IRF, memory, GitHub issues --- "
"drifting-drifting-star","Apr 1 14:19","On 2026-03-31, Ryan McKellips (Recruiter, Grafana Labs) sent an interview invitation for the **Staff AI Engineer, People Technology | NASA | Remote** position. This is the pipeline's **first positive "
"dynamic-bouncing-lagoon","Mar 31 12:09","--- session: S-energy-emission date: 2026-03-31 "
"eager-finding-castle","Mar 31 11:31","The freshness filter in `source_jobs.py` is operating on proxy data, not real posting dates. For Greenhouse (the majority of our sources — Coinbase, Toast, Airtable, etc.), the code uses `updated_at` "
"effervescent-noodling-oasis","Apr 1 23:26","**Date:** 2026-04-01 **Session:** S-dispersio-formalis (continuation) **Context:** Session S49 ran a destructive "absolute IRF repair" that deleted our IRF-DSF entries, DONE-312, and IRF-OSS-036/037/0"
"elegant-bouncing-whisper","Mar 31 20:27","**Date:** 2026-04-01 **Status:** READY TO RUN **Owner:** Any agent OR operator — single command, zero handoff "
"federated-hatching-spark","Mar 30 20:54","The system has a strong invariant: at session close, every repo must be committed and pushed (local = remote). But some files are **perpetually dirty by design** — they change as side-effects of syste"
"federated-stirring-feigenbaum","Mar 31 00:45","S40 audit confirmed 6 open GitHub issues — no orphaned work. Each issue is blocked by a different constraint (external auth, tooling availability, specification work, or dependency chains). The user w"
"fluttering-splashing-perlis","Mar 31 16:38","**Date:** 2026-03-31 **Scope:** Verify prior session's work landed + assess current uncommitted state --- "
"functional-plotting-zebra","Mar 31 10:54","The S41 closure audit (earlier this session) committed + pushed both repos and created GH#17-20, but the **IRF and concordance were not updated to reflect the new GH issues**. This creates a cross-ref"
"goofy-greeting-duckling-agent-af64f2caeb6b71cec","Mar 30 22:09","**Session ID:** S40 **Date:** 2026-03-30 **Status:** PLANNED "
"goofy-greeting-duckling","Mar 30 22:11","Session S40 picks up from the S39 Tribunal judgment. The ChatGPT API degraded silently (633→4 conversations), the LaunchAgent exists in domus but was never deployed, the source-drop inbox is empty (no"
"hazy-wondering-pillow","Mar 31 10:49","User brainstormed a theory of emergent cultural artifacts: when a cultural phenomenon achieves sufficient mass, it generates a gravitational field where orbiting artifacts (fan labor, memes, recaps, r"
"humble-splashing-zebra-agent-a2e7b50198d141cde","Mar 31 01:21","**Date**: 2026-03-31 **Status**: READY FOR EXECUTION **Target**: Complete Phase 1-9 of Dialogue Looping Tracker Sequence "
"kind-noodling-balloon","Apr 2 14:13","**Date:** 2026-04-02 **Scope:** IRF remediation, fleet.yaml damage mode update, GitHub issue backfill Two workspace actors (likely Gemini sessions S52/S53/S54) submitted close-out reports claiming: "
"kind-riding-valley","Mar 30 07:17","63 ChatGPT projects exist in the account. Each one is either a seed or a missing flower on a grown plant. Three have been extracted (content-multiplex, machina-mundi-canonici, DSP-alternative partial)"
"logical-growing-goblet","Mar 30 22:22","The contribution ledger is a 6-layer system that records agent dispatches (punch-in/out), measures energy balance, and evolves handoff quality through accumulated incident data. Currently, dispatches "
"optimized-tickling-hummingbird","Mar 31 16:44","The operator identified `~/Workspace/meta-organvm/post-flood/` as "Eve from which begets Adam" — the constitutional source corpus that produced the SEED.md now living in `a-organvm/`. The tas"
"parsed-bubbling-turing","Mar 30 11:30","V1 was built empirically — 127 repos, ad-hoc governance. The flood dissolved 52 repos into materia-collider and produced the post-flood corpus: 18 raw transcripts, 72 extracted modules, 27 specificati"
"peaceful-snacking-jellyfish","Mar 31 01:52","Three codebases form a palingenesis transition: - **meta-organvm** (The Body, ~15 repos) — engine, corpus, schemas, dashboard, MCP, ontologia, ingestion, research, portal, film collider, vigiles, cvrs"
"scalable-baking-conway","Mar 31 09:56","**Date:** 2026-03-31 **Status:** DRAFTING **Scope:** ORGAN-IV (all repos), extensible system-wide "
"shimmering-shimmying-boole","Mar 31 12:49","**Date:** 2026-03-31 **Slug:** exit-interview-protocol **Status:** DESIGN "
"sorted-strolling-cake","Mar 30 22:18","New week. The pipeline has been building infrastructure for 3 weeks — 10-loop architecture, Atomic Clock SOPs, identity decoupling, multi-agent governance. But the **automation layer is dead**: every "
"steady-exploring-lovelace-agent-a9a73d9c6e84bce5a","Mar 30 17:39","The voice-scorer system (vox--architectura-gubernatio) already has five integration channels: MCP server, chezmoi deposit, skill deposit, CI deposit, and CLI. This plan designs contextual summoning --"
"steady-exploring-lovelace","Mar 30 17:41","The voice scoring system (vox--architectura-gubernatio) is fully built: 236 tests, 19 detectors, 10 CLI commands, MCP server, CI gate, skill deposit, chezmoi deposit, 171-doc corpus, Cloudflare deploy"
"tingly-crunching-noodle","Mar 30 09:27","The dispatch engine is built and tested (620 tests, 3 MCP tools, CLI commands). What's missing is the ambient wiring that makes it operational without the user remembering to invoke anything. Three ga"
"tingly-painting-rainbow","Mar 31 19:36","**Date:** 2026-03-31 **Workspace:** `~/Workspace/organvm-iv-taxis/orchestration-start-here` **Status:** DESIGN "
"unified-foraging-lemur","Mar 31 11:17","Verifying the integrity claims from two session closure reports: 1. **Ingestion session** (action-ledger-recording-infrastructure) — memory alignment, 8c07c51 2. **Gravitas Culturalis** (S-gravitas-cu"
"vast-hatching-toucan","Mar 30 21:03","The a-organvm organism at `~/Workspace/a-organvm/` has 35 YAML gate contracts, a 1,208-line genome (SEED.md), and zero code. S43 produced extensive specification; S44's death cantation impose"
"vectorized-napping-flurry","Mar 31 03:18","This session collected 5 layers of prompt grammar, 12 operational vocabulary categories, 22 frameworks, and 7 paired patterns from 14+ sessions across 9 repos. All currently stored as memory files — p"
"velvet-soaring-bentley","Mar 30 21:50","Four sessions built the Shibui depth system infrastructure. Nothing is wired to the visitor's experience. The swarm generated copy sits in `scripts/swarm-output/gemini-copy/` — onboarding panel text, "
"wiggly-shimmying-wren","Apr 2 12:47","The organism speaks three simultaneous languages (Logic/YAML, Math/JSONL, Biology/Python) but has no **Logos** rendering — no natural-language documentation layer that records, critiques, and responds"
"wobbly-wishing-boole","Mar 27 15:05","Every rule for producing resumes, cover letters, outreach messages, LinkedIn posts, and portal answers exists SOMEWHERE across the ORGANVM system — scattered across 8 repositories, 12 feedback memory "
"zany-purring-neumann","Mar 30 07:52","The portfolio CI hasn't deployed successfully in 20+ consecutive runs. The quality pipeline has 8 jobs across 6 workflows, running ~12 minutes per push. The primary blocker is a dev-only `happy-dom` v"
"zesty-seeking-cocoa","Apr 2 01:11","**Date:** 2026-04-02 **Scope:** Full-spectrum review of sessions S48-S51 + systemic improvements catalog **Input:** Compacted transcript from previous ingestion session + codebase state audit "
